Workbook

Sheet Mass of soil
A1: Sample ID | B1: SR1-HS-10cm
A3: Determination of residual water in the sample mass | C3: g
A4: Total mass (soil incl. residual water + OM + Tare) | C4: g | D4: *Please enter the value with two decimal places
A5: Total mass after drying @ 105 °C | C5: g | D5: *Please enter the value with two decimal places
A6: Mass loss by drying | B6: =B4-B5 | C6: g
A7: Tare mass | C7: g | D7: *Please enter the value with two decimal places
A8: Dry sample mass (soil + OM) | B8: =B5-B7 | C8: g
A9: Gravimetric water content | B9: =B6/B8 | C9: g g-1
A11: Consideration of mass loss by removal of organic matter (OM)
A12: OM removal ? (Yes/ No) | B12: <Please select> | C12: logical
A13: if Yes: gravimetric OM content | C13: g g-1 | D13: *Please enter the value with three decimal places
A15: Calculation of net dry mass of mineral soil used in analysis
A16: Total soil mass (includes residual water and OM) | B16: =B4-B7 | C16: g
A17: Contained water mass | B17: =B6 | C17: g
A18: Removed OM mass | B18: =IF(B12="Yes",B13*B8,0) | C18: g
A19: Net mineral soil mass used in analysis | B19: =B16-B17-B18 | C19: g

Sheet Mass of dispersant
A1: Sample ID | B1: ='Mass of soil'!B1
A3: Concentration of dispersant solution | C3: g L-1 | D3: *Please enter the value with two decimal places
A4: Crystal water contained in dispersant | C4: g g-1 | D4: *Please enter the value with two decimal places
A5: Mass of dry dispersant in solution | B5: =B3-B4 | C5: g
A8: Volume of dispersant solution added to suspension | C8: mL | D8: *Please enter the value with two decimal places
A9: Mass of dry dispersant in suspension | B9: =B5*B8/1000 | C9: g

Sheet Dry Mass in effluent
A1: Sample ID | B1: ='Mass of soil'!B1
A3: PARIO plus mode (Yes/ No) | B3: <Please select> | C3: logical
A5: If PARIO plus mode, then enter two weights referring to the drained suspension:
A7: Total mass after drying @ 105 °C (soil + dispersant + tare) | C7: g | D7: *Please enter the value with three decimal places
A8: tare mass | C8: g | D8: *Please enter the value with three decimal places
A9: net dry mass in effluent (includes soil + dispersant) | B9: =B7-B8 | C9: g

Sheet Sieve Data
A1: Sample ID | B1: Particle-size class | C1: Min [µm] | D1: Max [µm] | E1: Gross dry mass [g] | F1: Tare mass [g] | G1: Dry soil weight [g] | H1: Dry Mass of Particles [g] | I1: Mass fraction [g g-1] | J1: Mass percent [ % (w/w)]
A2: ='Mass of soil'!$B$1 | B2: Coarse Sand | C2: 630 | D2: 2000 | G2: =E2-F2 | H2: ='Mass of soil'!$B$19 | I2: =(G2/H2) | J2: =I2 | L2: *Please enter the value with two decimal places
B3: Middle Sand | C3: 200 | D3: =C2 | G3: =E3-F3 | H3: ='Mass of soil'!$B$19 | I3: =(G3/H3) | J3: =I3 | L3: *Please enter the value with two decimal places
B4: Fine Sand | C4: 63 | D4: =C3 | G4: =E4-F4 | H4: ='Mass of soil'!$B$19 | I4: =(G4/H4) | J4: =I4 | L4: *Please enter the value with two decimal places
D5: =C4 | G5: =E5-F5 | H5: ='Mass of soil'!$B$19 | I5: =(G5/H5) | J5: =I5
D6: =C5 | G6: =E6-F6 | H6: ='Mass of soil'!$B$19 | I6: =(G6/H6) | J6: =I6
D7: =C6 | G7: =E7-F7 | H7: ='Mass of soil'!$B$19 | I7: =(G7/H7) | J7: =I7
D8: =C7 | G8: =E8-F8 | H8: ='Mass of soil'!$B$19 | I8: =(G8/H8) | J8: =I8
D9: =C8 | G9: =E9-F9 | H9: ='Mass of soil'!$B$19 | I9: =(G9/H9) | J9: =I9
D10: =C9 | G10: =E10-F10 | H10: ='Mass of soil'!$B$19 | I10: =(G10/H10) | J10: =I10
D11: =C10 | G11: =E11-F11 | H11: ='Mass of soil'!$B$19 | I11: =(G11/H11) | J11: =I11
D12: =C11 | G12: =E12-F12 | H12: ='Mass of soil'!$B$19 | I12: =(G12/H12) | J12: =I12

Sheet Konfig
A1: <Please select>
A2: Yes
A3: No
